,Team 1,Team 2,Winner,Margin,Ground,Match Date,Scorecard
0,South Africa,India,South Africa,135 runs,Durban,"Jan 12, 2011",ODI # 3079
1,South Africa,India,India,1 run,Johannesburg,"Jan 15, 2011",ODI # 3080
2,Australia,England,Australia,6 wickets,Melbourne,"Jan 16, 2011",ODI # 3081
3,South Africa,India,India,2 wickets,Cape Town,"Jan 18, 2011",ODI # 3082
4,Australia,England,Australia,46 runs,Hobart,"Jan 21, 2011",ODI # 3083
5,South Africa,India,South Africa,48 runs,Port Elizabeth,"Jan 21, 2011",ODI # 3084
6,New Zealand,Pakistan,New Zealand,9 wickets,Wellington,"Jan 22, 2011",ODI # 3085
7,Australia,England,Australia,4 wickets,Sydney,"Jan 23, 2011",ODI # 3086
8,South Africa,India,South Africa,33 runs,Centurion,"Jan 23, 2011",ODI # 3087
9,New Zealand,Pakistan,no result,,Queenstown,"Jan 26, 2011",ODI # 3088
10,Australia,England,England,21 runs,Adelaide,"Jan 26, 2011",ODI # 3089
11,New Zealand,Pakistan,Pakistan,43 runs,Christchurch,"Jan 29, 2011",ODI # 3090
12,Australia,England,Australia,51 runs,Brisbane,"Jan 30, 2011",ODI # 3091
13,Sri Lanka,West Indies,no result,,Colombo (SSC),"Jan 31, 2011",ODI # 3092
14,New Zealand,Pakistan,Pakistan,2 wickets,Napier,"Feb 1, 2011",ODI # 3093
15,Australia,England,Australia,2 wickets,Sydney,"Feb 2, 2011",ODI # 3094
16,New Zealand,Pakistan,Pakistan,41 runs,Hamilton,"Feb 3, 2011",ODI # 3095
17,Sri Lanka,West Indies,Sri Lanka,8 wickets,Colombo (SSC),"Feb 3, 2011",ODI # 3096
18,New Zealand,Pakistan,New Zealand,57 runs,Auckland,"Feb 5, 2011",ODI # 3097
19,Australia,England,Australia,57 runs,Perth,"Feb 6, 2011",ODI # 3098
20,Sri Lanka,West Indies,Sri Lanka,26 runs,Colombo (SSC),"Feb 6, 2011",ODI # 3099
21,Bangladesh,India,India,87 runs,Dhaka,"Feb 19, 2011",ODI # 3100
22,Kenya,New Zealand,New Zealand,10 wickets,Chennai,"Feb 20, 2011",ODI # 3101
23,Sri Lanka,Canada,Sri Lanka,210 runs,Hambantota,"Feb 20, 2011",ODI # 3102
24,Australia,Zimbabwe,Australia,91 runs,Ahmedabad,"Feb 21, 2011",ODI # 3103
25,England,Netherlands,England,6 wickets,Nagpur,"Feb 22, 2011",ODI # 3104
26,Kenya,Pakistan,Pakistan,205 runs,Hambantota,"Feb 23, 2011",ODI # 3105
27,South Africa,West Indies,South Africa,7 wickets,Delhi,"Feb 24, 2011",ODI # 3106
28,Australia,New Zealand,Australia,7 wickets,Nagpur,"Feb 25, 2011",ODI # 3107
29,Bangladesh,Ireland,Bangladesh,27 runs,Dhaka,"Feb 25, 2011",ODI # 3108
30,Sri Lanka,Pakistan,Pakistan,11 runs,Colombo (RPS),"Feb 26, 2011",ODI # 3109
31,India,England,tied,,Bengaluru,"Feb 27, 2011",ODI # 3110
32,Canada,Zimbabwe,Zimbabwe,175 runs,Nagpur,"Feb 28, 2011",ODI # 3111
33,Netherlands,West Indies,West Indies,215 runs,Delhi,"Feb 28, 2011",ODI # 3112
34,Sri Lanka,Kenya,Sri Lanka,9 wickets,Colombo (RPS),"Mar 1, 2011",ODI # 3113
35,England,Ireland,Ireland,3 wickets,Bengaluru,"Mar 2, 2011",ODI # 3114
36,Netherlands,South Africa,South Africa,231 runs,Mohali,"Mar 3, 2011",ODI # 3115
37,Canada,Pakistan,Pakistan,46 runs,Colombo (RPS),"Mar 3, 2011",ODI # 3116
38,New Zealand,Zimbabwe,New Zealand,10 wickets,Ahmedabad,"Mar 4, 2011",ODI # 3117
39,Bangladesh,West Indies,West Indies,9 wickets,Dhaka,"Mar 4, 2011",ODI # 3118
40,Sri Lanka,Australia,no result,,Colombo (RPS),"Mar 5, 2011",ODI # 3119
41,England,South Africa,England,6 runs,Chennai,"Mar 6, 2011",ODI # 3120
42,India,Ireland,India,5 wickets,Bengaluru,"Mar 6, 2011",ODI # 3121
43,Canada,Kenya,Canada,5 wickets,Delhi,"Mar 7, 2011",ODI # 3122
44,New Zealand,Pakistan,New Zealand,110 runs,Pallekele,"Mar 8, 2011",ODI # 3123
45,India,Netherlands,India,5 wickets,Delhi,"Mar 9, 2011",ODI # 3124
46,Sri Lanka,Zimbabwe,Sri Lanka,139 runs,Pallekele,"Mar 10, 2011",ODI # 3125
47,Ireland,West Indies,West Indies,44 runs,Mohali,"Mar 11, 2011",ODI # 3126
48,Bangladesh,England,Bangladesh,2 wickets,Chittagong,"Mar 11, 2011",ODI # 3127
49,India,South Africa,South Africa,3 wickets,Nagpur,"Mar 12, 2011",ODI # 3128
50,Canada,New Zealand,New Zealand,97 runs,Mumbai,"Mar 13, 2011",ODI # 3129
51,Australia,Kenya,Australia,60 runs,Bengaluru,"Mar 13, 2011",ODI # 3130
52,Bangladesh,Netherlands,Bangladesh,6 wickets,Chittagong,"Mar 14, 2011",ODI # 3131
53,Pakistan,Zimbabwe,Pakistan,7 wickets,Pallekele,"Mar 14, 2011",ODI # 3132
54,Ireland,South Africa,South Africa,131 runs,Kolkata,"Mar 15, 2011",ODI # 3133
55,Australia,Canada,Australia,7 wickets,Bengaluru,"Mar 16, 2011",ODI # 3134
56,England,West Indies,England,18 runs,Chennai,"Mar 17, 2011",ODI # 3135
57,Ireland,Netherlands,Ireland,6 wickets,Kolkata,"Mar 18, 2011",ODI # 3136
58,New Zealand,Sri Lanka,Sri Lanka,112 runs,Mumbai,"Mar 18, 2011",ODI # 3137
59,Bangladesh,South Africa,South Africa,206 runs,Dhaka,"Mar 19, 2011",ODI # 3138
60,Australia,Pakistan,Pakistan,4 wickets,Colombo (RPS),"Mar 19, 2011",ODI # 3139
61,Kenya,Zimbabwe,Zimbabwe,161 runs,Kolkata,"Mar 20, 2011",ODI # 3140
62,India,West Indies,India,80 runs,Chennai,"Mar 20, 2011",ODI # 3141
63,Pakistan,West Indies,Pakistan,10 wickets,Dhaka,"Mar 23, 2011",ODI # 3142
64,India,Australia,India,5 wickets,Ahmedabad,"Mar 24, 2011",ODI # 3143
65,New Zealand,South Africa,New Zealand,49 runs,Dhaka,"Mar 25, 2011",ODI # 3144
66,Sri Lanka,England,Sri Lanka,10 wickets,Colombo (RPS),"Mar 26, 2011",ODI # 3145
67,Sri Lanka,New Zealand,Sri Lanka,5 wickets,Colombo (RPS),"Mar 29, 2011",ODI # 3146
68,India,Pakistan,India,29 runs,Mohali,"Mar 30, 2011",ODI # 3147
69,India,Sri Lanka,India,6 wickets,Mumbai,"Apr 2, 2011",ODI # 3148
70,Bangladesh,Australia,Australia,60 runs,Dhaka,"Apr 9, 2011",ODI # 3149
71,Bangladesh,Australia,Australia,9 wickets,Dhaka,"Apr 11, 2011",ODI # 3150
72,Bangladesh,Australia,Australia,66 runs,Dhaka,"Apr 13, 2011",ODI # 3151
73,West Indies,Pakistan,Pakistan,8 wickets,Gros Islet,"Apr 23, 2011",ODI # 3152
74,West Indies,Pakistan,Pakistan,7 wickets,Gros Islet,"Apr 25, 2011",ODI # 3153
75,West Indies,Pakistan,Pakistan,3 wickets,Bridgetown,"Apr 28, 2011",ODI # 3154
76,West Indies,Pakistan,West Indies,1 run,Bridgetown,"May 2, 2011",ODI # 3155
77,West Indies,Pakistan,West Indies,10 wickets,Providence,"May 5, 2011",ODI # 3156
78,Ireland,Pakistan,Pakistan,7 wickets,Belfast,"May 28, 2011",ODI # 3157
79,Ireland,Pakistan,Pakistan,5 wickets,Belfast,"May 30, 2011",ODI # 3158
80,West Indies,India,India,4 wickets,Port of Spain,"Jun 6, 2011",ODI # 3159
81,West Indies,India,India,7 wickets,Port of Spain,"Jun 8, 2011",ODI # 3160
82,West Indies,India,India,3 wickets,North Sound,"Jun 11, 2011",ODI # 3161
83,West Indies,India,West Indies,103 runs,North Sound,"Jun 13, 2011",ODI # 3162
84,West Indies,India,West Indies,7 wickets,Kingston,"Jun 16, 2011",ODI # 3163
85,Scotland,Netherlands,Scotland,15 runs,Aberdeen,"Jun 28, 2011",ODI # 3164
86,England,Sri Lanka,England,110 runs,The Oval,"Jun 28, 2011",ODI # 3165
87,Scotland,Netherlands,Scotland,5 wickets,Aberdeen,"Jun 29, 2011",ODI # 3166
88,England,Sri Lanka,Sri Lanka,69 runs,Leeds,"Jul 1, 2011",ODI # 3167
89,England,Sri Lanka,Sri Lanka,6 wickets,Lord's,"Jul 3, 2011",ODI # 3168
90,England,Sri Lanka,England,10 wickets,Nottingham,"Jul 6, 2011",ODI # 3169
91,England,Sri Lanka,England,16 runs,Manchester,"Jul 9, 2011",ODI # 3170
92,Scotland,Ireland,Scotland,5 wickets,Edinburgh,"Jul 12, 2011",ODI # 3171
93,Scotland,Sri Lanka,Sri Lanka,183 runs,Edinburgh,"Jul 13, 2011",ODI # 3172
94,Canada,Afghanistan,Afghanistan,2 wickets,King City (NW),"Aug 7, 2011",ODI # 3173
95,Canada,Afghanistan,Afghanistan,17 runs,Toronto,"Aug 9, 2011",ODI # 3174
96,Sri Lanka,Australia,Australia,7 wickets,Pallekele,"Aug 10, 2011",ODI # 3175
97,Zimbabwe,Bangladesh,Zimbabwe,4 wickets,Harare,"Aug 12, 2011",ODI # 3176
98,Zimbabwe,Bangladesh,Zimbabwe,7 wickets,Harare,"Aug 14, 2011",ODI # 3177
99,Sri Lanka,Australia,Australia,8 wickets,Hambantota,"Aug 14, 2011",ODI # 3178
100,Zimbabwe,Bangladesh,Zimbabwe,5 runs,Harare,"Aug 16, 2011",ODI # 3179
101,Sri Lanka,Australia,Sri Lanka,78 runs,Hambantota,"Aug 16, 2011",ODI # 3180
102,Zimbabwe,Bangladesh,Bangladesh,6 wickets,Bulawayo,"Aug 19, 2011",ODI # 3181
103,Sri Lanka,Australia,Australia,5 wickets,Colombo (RPS),"Aug 20, 2011",ODI # 3182
104,Zimbabwe,Bangladesh,Bangladesh,93 runs,Bulawayo,"Aug 21, 2011",ODI # 3183
105,Sri Lanka,Australia,Sri Lanka,4 wickets,Colombo (RPS),"Aug 22, 2011",ODI # 3184
106,Ireland,England,England,11 runs,Dublin,"Aug 25, 2011",ODI # 3185
107,England,India,no result,,Chester-le-Street,"Sep 3, 2011",ODI # 3186
108,England,India,England,7 wickets,Southampton,"Sep 6, 2011",ODI # 3187
109,Zimbabwe,Pakistan,Pakistan,5 runs,Bulawayo,"Sep 8, 2011",ODI # 3188
110,England,India,England,3 wickets,The Oval,"Sep 9, 2011",ODI # 3189
111,Zimbabwe,Pakistan,Pakistan,10 wickets,Harare,"Sep 11, 2011",ODI # 3190
112,England,India,tied,,Lord's,"Sep 11, 2011",ODI # 3191
113,Netherlands,Kenya,Netherlands,2 wickets,The Hague,"Sep 12, 2011",ODI # 3192
114,Netherlands,Kenya,Netherlands,4 wickets,The Hague,"Sep 13, 2011",ODI # 3193
115,Zimbabwe,Pakistan,Pakistan,28 runs,Harare,"Sep 14, 2011",ODI # 3194
116,England,India,England,6 wickets,Cardiff,"Sep 16, 2011",ODI # 3195
117,Ireland,Canada,Ireland,133 runs,Dublin,"Sep 19, 2011",ODI # 3196
118,Ireland,Canada,Ireland,56 runs,Dublin,"Sep 20, 2011",ODI # 3197
119,Bangladesh,West Indies,West Indies,40 runs,Dhaka,"Oct 13, 2011",ODI # 3198
120,India,England,India,126 runs,Hyderabad (Deccan),"Oct 14, 2011",ODI # 3199
121,Bangladesh,West Indies,West Indies,8 wickets,Dhaka,"Oct 15, 2011",ODI # 3200
122,India,England,India,8 wickets,Delhi,"Oct 17, 2011",ODI # 3201
123,Bangladesh,West Indies,Bangladesh,8 wickets,Chittagong,"Oct 18, 2011",ODI # 3202
124,South Africa,Australia,Australia,93 runs,Centurion,"Oct 19, 2011",ODI # 3203
125,Zimbabwe,New Zealand,New Zealand,9 wickets,Harare,"Oct 20, 2011",ODI # 3204
126,India,England,India,5 wickets,Mohali,"Oct 20, 2011",ODI # 3205
127,Zimbabwe,New Zealand,New Zealand,4 wickets,Harare,"Oct 22, 2011",ODI # 3206
128,India,England,India,6 wickets,Mumbai,"Oct 23, 2011",ODI # 3207
129,South Africa,Australia,South Africa,80 runs,Port Elizabeth,"Oct 23, 2011",ODI # 3208
130,Zimbabwe,New Zealand,Zimbabwe,1 wicket,Bulawayo,"Oct 25, 2011",ODI # 3209
131,India,England,India,95 runs,Kolkata,"Oct 25, 2011",ODI # 3210
132,South Africa,Australia,Australia,3 wickets,Durban,"Oct 28, 2011",ODI # 3211
133,Pakistan,Sri Lanka,Pakistan,8 wickets,Dubai (DSC),"Nov 11, 2011",ODI # 3212
134,Pakistan,Sri Lanka,Sri Lanka,25 runs,Dubai (DSC),"Nov 14, 2011",ODI # 3213
135,Pakistan,Sri Lanka,Pakistan,21 runs,Dubai (DSC),"Nov 18, 2011",ODI # 3214
136,Pakistan,Sri Lanka,Pakistan,26 runs,Sharjah,"Nov 20, 2011",ODI # 3215
137,Pakistan,Sri Lanka,Pakistan,3 wickets,Abu Dhabi,"Nov 23, 2011",ODI # 3216
138,India,West Indies,India,1 wicket,Cuttack,"Nov 29, 2011",ODI # 3217
139,Bangladesh,Pakistan,Pakistan,5 wickets,Dhaka,"Dec 1, 2011",ODI # 3218
140,India,West Indies,India,5 wickets,Visakhapatnam,"Dec 2, 2011",ODI # 3219
141,Bangladesh,Pakistan,Pakistan,76 runs,Dhaka,"Dec 3, 2011",ODI # 3220
142,India,West Indies,West Indies,16 runs,Ahmedabad,"Dec 5, 2011",ODI # 3221
143,Bangladesh,Pakistan,Pakistan,58 runs,Chittagong,"Dec 6, 2011",ODI # 3222
144,India,West Indies,India,153 runs,Indore,"Dec 8, 2011",ODI # 3223
145,India,West Indies,India,34 runs,Chennai,"Dec 11, 2011",ODI # 3224
