,Team 1,Team 2,Winner,Margin,Ground,Match Date,Scorecard
0,New Zealand,West Indies,New Zealand,3 wickets,Auckland,"Jan 2, 2000",ODI # 1532
1,New Zealand,West Indies,New Zealand,7 wickets,Taupo,"Jan 4, 2000",ODI # 1533
2,New Zealand,West Indies,New Zealand,4 wickets,Napier,"Jan 6, 2000",ODI # 1534
3,New Zealand,West Indies,New Zealand,8 wickets,Wellington,"Jan 8-9, 2000",ODI # 1535
4,Australia,Pakistan,Pakistan,45 runs,Brisbane,"Jan 9, 2000",ODI # 1536
5,India,Pakistan,Pakistan,2 wickets,Brisbane,"Jan 10, 2000",ODI # 1537
6,New Zealand,West Indies,New Zealand,20 runs,Christchurch,"Jan 11, 2000",ODI # 1538
7,Australia,India,Australia,28 runs,Melbourne,"Jan 12, 2000",ODI # 1539
8,Australia,India,Australia,5 wickets,Sydney,"Jan 14, 2000",ODI # 1540
9,Australia,Pakistan,Australia,6 wickets,Melbourne,"Jan 16, 2000",ODI # 1541
10,Australia,Pakistan,Australia,81 runs,Sydney,"Jan 19, 2000",ODI # 1542
11,India,Pakistan,Pakistan,32 runs,Hobart,"Jan 21, 2000",ODI # 1543
12,South Africa,Zimbabwe,South Africa,6 wickets,Johannesburg,"Jan 21, 2000",ODI # 1544
13,Australia,Pakistan,Australia,15 runs,Melbourne,"Jan 23, 2000",ODI # 1545
14,South Africa,England,England,9 wickets,Bloemfontein,"Jan 23, 2000",ODI # 1546
15,India,Pakistan,India,48 runs,Adelaide,"Jan 25, 2000",ODI # 1547
16,Australia,India,Australia,152 runs,Adelaide,"Jan 26, 2000",ODI # 1548
17,South Africa,England,South Africa,1 run,Cape Town,"Jan 26, 2000",ODI # 1549
18,India,Pakistan,Pakistan,104 runs,Perth,"Jan 28, 2000",ODI # 1550
19,England,Zimbabwe,Zimbabwe,104 runs,Cape Town,"Jan 28, 2000",ODI # 1551
20,Australia,India,Australia,4 wickets,Perth,"Jan 30, 2000",ODI # 1552
21,England,Zimbabwe,England,8 wickets,Kimberley,"Jan 30, 2000",ODI # 1553
22,Australia,Pakistan,Australia,6 wickets,Melbourne,"Feb 2, 2000",ODI # 1554
23,South Africa,Zimbabwe,Zimbabwe,2 wickets,Durban,"Feb 2, 2000",ODI # 1555
24,Australia,Pakistan,Australia,152 runs,Sydney,"Feb 4, 2000",ODI # 1556
25,South Africa,England,South Africa,2 wickets,East London,"Feb 4, 2000",ODI # 1557
26,South Africa,Zimbabwe,South Africa,53 runs,Port Elizabeth,"Feb 6, 2000",ODI # 1558
27,Pakistan,Sri Lanka,Sri Lanka,29 runs,Karachi,"Feb 13, 2000",ODI # 1559
28,South Africa,England,South Africa,38 runs,Johannesburg,"Feb 13, 2000",ODI # 1560
29,Pakistan,Sri Lanka,Sri Lanka,34 runs,Gujranwala,"Feb 16, 2000",ODI # 1561
30,Zimbabwe,England,England,5 wickets,Bulawayo,"Feb 16, 2000",ODI # 1562
31,New Zealand,Australia,no result,,Wellington,"Feb 17, 2000",ODI # 1563
32,Zimbabwe,England,England,1 wicket,Bulawayo,"Feb 18, 2000",ODI # 1564
33,New Zealand,Australia,Australia,5 wickets,Auckland,"Feb 19, 2000",ODI # 1565
34,Pakistan,Sri Lanka,Sri Lanka,104 runs,Lahore,"Feb 19, 2000",ODI # 1566
35,Zimbabwe,England,England,85 runs,Harare,"Feb 20, 2000",ODI # 1567
36,New Zealand,Australia,Australia,50 runs,Dunedin,"Feb 23, 2000",ODI # 1568
37,New Zealand,Australia,Australia,48 runs,Christchurch,"Feb 26, 2000",ODI # 1569
38,New Zealand,Australia,Australia,5 wickets,Napier,"Mar 1, 2000",ODI # 1570
39,New Zealand,Australia,New Zealand,7 wickets,Auckland,"Mar 3, 2000",ODI # 1571
40,India,South Africa,India,3 wickets,Kochi,"Mar 9, 2000",ODI # 1572
41,India,South Africa,India,6 wickets,Jamshedpur,"Mar 12, 2000",ODI # 1573
42,India,South Africa,South Africa,2 wickets,Faridabad,"Mar 15, 2000",ODI # 1574
43,India,South Africa,India,4 wickets,Vadodara,"Mar 17, 2000",ODI # 1575
44,India,South Africa,South Africa,10 runs,Nagpur,"Mar 19, 2000",ODI # 1576
45,India,South Africa,South Africa,10 wickets,Sharjah,"Mar 22, 2000",ODI # 1577
46,India,Pakistan,India,5 wickets,Sharjah,"Mar 23, 2000",ODI # 1578
47,Pakistan,South Africa,South Africa,3 wickets,Sharjah,"Mar 24, 2000",ODI # 1579
48,India,Pakistan,Pakistan,98 runs,Sharjah,"Mar 26, 2000",ODI # 1580
49,India,South Africa,South Africa,6 wickets,Sharjah,"Mar 27, 2000",ODI # 1581
50,Pakistan,South Africa,Pakistan,67 runs,Sharjah,"Mar 28, 2000",ODI # 1582
51,Pakistan,South Africa,Pakistan,16 runs,Sharjah,"Mar 31, 2000",ODI # 1583
52,West Indies,Zimbabwe,West Indies,87 runs,Kingston,"Apr 1, 2000",ODI # 1584
53,West Indies,Zimbabwe,West Indies,41 runs,Kingston,"Apr 2, 2000",ODI # 1585
54,Pakistan,Zimbabwe,Pakistan,5 wickets,St John's,"Apr 5, 2000",ODI # 1586
55,South Africa,Australia,South Africa,6 wickets,Durban,"Apr 12, 2000",ODI # 1587
56,West Indies,Pakistan,West Indies,96 runs,Kingstown,"Apr 12, 2000",ODI # 1588
57,South Africa,Australia,Australia,5 wickets,Cape Town,"Apr 14, 2000",ODI # 1589
58,Pakistan,Zimbabwe,Pakistan,6 wickets,St George's,"Apr 15, 2000",ODI # 1590
59,South Africa,Australia,South Africa,4 wickets,Johannesburg,"Apr 16, 2000",ODI # 1591
60,West Indies,Pakistan,West Indies,17 runs,St George's,"Apr 16, 2000",ODI # 1592
61,West Indies,Pakistan,Pakistan,17 runs,Bridgetown,"Apr 19, 2000",ODI # 1593
62,West Indies,Pakistan,West Indies,60 runs,Port of Spain,"Apr 22, 2000",ODI # 1594
63,West Indies,Pakistan,Pakistan,4 wickets,Port of Spain,"Apr 23, 2000",ODI # 1595
64,Bangladesh,Sri Lanka,Sri Lanka,9 wickets,Dhaka,"May 29, 2000",ODI # 1596
65,Bangladesh,India,India,8 wickets,Dhaka,"May 30-31, 2000",ODI # 1597
66,India,Sri Lanka,Sri Lanka,71 runs,Dhaka,"Jun 1, 2000",ODI # 1598
67,Bangladesh,Pakistan,Pakistan,233 runs,Dhaka,"Jun 2, 2000",ODI # 1599
68,India,Pakistan,Pakistan,44 runs,Dhaka,"Jun 3, 2000",ODI # 1600
69,Pakistan,Sri Lanka,Pakistan,7 wickets,Dhaka,"Jun 5, 2000",ODI # 1601
70,Pakistan,Sri Lanka,Pakistan,39 runs,Dhaka,"Jun 7, 2000",ODI # 1602
71,Sri Lanka,Pakistan,Sri Lanka,5 wickets,Galle,"Jul 5, 2000",ODI # 1603
72,Sri Lanka,South Africa,Sri Lanka,37 runs,Galle,"Jul 6, 2000",ODI # 1604
73,West Indies,Zimbabwe,Zimbabwe,6 wickets,Bristol,"Jul 6, 2000",ODI # 1605
74,Pakistan,South Africa,South Africa,18 runs,Colombo (RPS),"Jul 8, 2000",ODI # 1606
75,England,Zimbabwe,Zimbabwe,5 wickets,The Oval,"Jul 8, 2000",ODI # 1607
76,Sri Lanka,Pakistan,Sri Lanka,6 wickets,Colombo (RPS),"Jul 9, 2000",ODI # 1608
77,England,West Indies,no result,,Lord's,"Jul 9, 2000",ODI # 1609
78,Sri Lanka,South Africa,Sri Lanka,8 wickets,Colombo (SSC),"Jul 11, 2000",ODI # 1610
79,West Indies,Zimbabwe,Zimbabwe,70 runs,Canterbury,"Jul 11, 2000",ODI # 1611
80,Pakistan,South Africa,South Africa,7 wickets,Colombo (SSC),"Jul 12, 2000",ODI # 1612
81,England,Zimbabwe,England,8 wickets,Manchester,"Jul 13, 2000",ODI # 1613
82,Sri Lanka,South Africa,Sri Lanka,30 runs,Colombo (RPS),"Jul 14, 2000",ODI # 1614
83,England,West Indies,England,10 wickets,Chester-le-Street,"Jul 15, 2000",ODI # 1615
84,West Indies,Zimbabwe,Zimbabwe,6 wickets,Chester-le-Street,"Jul 16, 2000",ODI # 1616
85,England,Zimbabwe,England,52 runs,Birmingham,"Jul 18, 2000",ODI # 1617
86,England,West Indies,West Indies,3 runs,Nottingham,"Jul 20, 2000",ODI # 1618
87,England,Zimbabwe,England,6 wickets,Lord's,"Jul 22, 2000",ODI # 1619
88,Australia,South Africa,Australia,94 runs,Melbourne (Docklands),"Aug 16, 2000",ODI # 1620
89,Australia,South Africa,tied,,Melbourne (Docklands),"Aug 18, 2000",ODI # 1621
90,Australia,South Africa,South Africa,8 runs,Melbourne (Docklands),"Aug 20, 2000",ODI # 1622
91,New Zealand,Pakistan,Pakistan,12 runs,Singapore,"Aug 20, 2000",ODI # 1623
92,Pakistan,South Africa,Pakistan,28 runs,Singapore,"Aug 23, 2000",ODI # 1624
93,New Zealand,South Africa,South Africa,8 wickets,Singapore,"Aug 25, 2000",ODI # 1625
94,Pakistan,South Africa,South Africa,93 runs,Singapore,"Aug 27, 2000",ODI # 1626
95,Zimbabwe,New Zealand,New Zealand,7 wickets,Harare,"Sep 27, 2000",ODI # 1627
96,Zimbabwe,New Zealand,Zimbabwe,21 runs,Bulawayo,"Sep 30, 2000",ODI # 1628
97,Zimbabwe,New Zealand,Zimbabwe,6 wickets,Bulawayo,"Oct 1, 2000",ODI # 1629
98,Kenya,India,India,8 wickets,Nairobi (Gym),"Oct 3, 2000",ODI # 1630
99,Sri Lanka,West Indies,Sri Lanka,108 runs,Nairobi (Gym),"Oct 4, 2000",ODI # 1631
100,Bangladesh,England,England,8 wickets,Nairobi (Gym),"Oct 5, 2000",ODI # 1632
101,Australia,India,India,20 runs,Nairobi (Gym),"Oct 7, 2000",ODI # 1633
102,Pakistan,Sri Lanka,Pakistan,9 wickets,Nairobi (Gym),"Oct 8, 2000",ODI # 1634
103,New Zealand,Zimbabwe,New Zealand,64 runs,Nairobi (Gym),"Oct 9, 2000",ODI # 1635
104,England,South Africa,South Africa,8 wickets,Nairobi (Gym),"Oct 10, 2000",ODI # 1636
105,New Zealand,Pakistan,New Zealand,4 wickets,Nairobi (Gym),"Oct 11, 2000",ODI # 1637
106,India,South Africa,India,95 runs,Nairobi (Gym),"Oct 13, 2000",ODI # 1638
107,India,New Zealand,New Zealand,4 wickets,Nairobi (Gym),"Oct 15, 2000",ODI # 1639
108,India,Sri Lanka,Sri Lanka,5 wickets,Sharjah,"Oct 20, 2000",ODI # 1640
109,South Africa,New Zealand,no result,,Potchefstroom,"Oct 20, 2000",ODI # 1641
110,Sri Lanka,Zimbabwe,Sri Lanka,7 wickets,Sharjah,"Oct 21, 2000",ODI # 1642
111,South Africa,New Zealand,South Africa,6 wickets,Benoni,"Oct 22, 2000",ODI # 1643
112,India,Zimbabwe,India,13 runs,Sharjah,"Oct 22, 2000",ODI # 1644
113,Pakistan,England,England,5 wickets,Karachi,"Oct 24, 2000",ODI # 1645
114,Sri Lanka,Zimbabwe,Sri Lanka,123 runs,Sharjah,"Oct 25, 2000",ODI # 1646
115,South Africa,New Zealand,South Africa,115 runs,Centurion,"Oct 25, 2000",ODI # 1647
116,India,Zimbabwe,India,3 wickets,Sharjah,"Oct 26, 2000",ODI # 1648
117,Pakistan,England,Pakistan,8 wickets,Lahore,"Oct 27, 2000",ODI # 1649
118,India,Sri Lanka,Sri Lanka,68 runs,Sharjah,"Oct 27, 2000",ODI # 1650
119,South Africa,New Zealand,South Africa,5 wickets,Kimberley,"Oct 28, 2000",ODI # 1651
120,India,Sri Lanka,Sri Lanka,245 runs,Sharjah,"Oct 29, 2000",ODI # 1652
121,Pakistan,England,Pakistan,6 wickets,Rawalpindi,"Oct 30, 2000",ODI # 1653
122,South Africa,New Zealand,South Africa,6 wickets,Durban,"Nov 1, 2000",ODI # 1654
123,South Africa,New Zealand,South Africa,3 wickets,Cape Town,"Nov 4, 2000",ODI # 1655
124,India,Zimbabwe,India,3 wickets,Cuttack,"Dec 2, 2000",ODI # 1656
125,India,Zimbabwe,India,61 runs,Ahmedabad,"Dec 5, 2000",ODI # 1657
126,India,Zimbabwe,Zimbabwe,1 wicket,Jodhpur,"Dec 8, 2000",ODI # 1658
127,India,Zimbabwe,India,9 wickets,Kanpur,"Dec 11, 2000",ODI # 1659
128,India,Zimbabwe,India,39 runs,Rajkot,"Dec 14, 2000",ODI # 1660
129,South Africa,Sri Lanka,South Africa,4 wickets,Port Elizabeth,"Dec 15, 2000",ODI # 1661
130,South Africa,Sri Lanka,South Africa,95 runs,East London,"Dec 17, 2000",ODI # 1662
